export-plot data (NetLogo 6.1.1),,,,,,,,,,,,,,,,
Dancing Game - endogenous gendered learning - O'Connor.nlogo,,,,,,,,,,,,,,,,
12/29/2020 15:32:45:490 -0800,,,,,,,,,,,,,,,,
,,,,,,,,,,,,,,,,
MODEL SETTINGS,,,,,,,,,,,,,,,,
swap?,initial-blue,memory_size,initial-green,type-players?,wipe?,learning?,memory_learning?,weighted_learning?,initial-yellow,mutation_rate,learning_styles?,leader-payoff,leader-follower-game?,gendered_learning?,mutation_learning_styles,gendered_pairing?
FALSE,25,10,25,TRUE,FALSE,TRUE,FALSE,FALSE,25,0,TRUE,1,FALSE,FALSE,0.5,FALSE
,,,,,,,,,,,,,,,,
"""frequency of gendered learning""",,,,,,,,,,,,,,,,
x min,x max,y min,y max,autoplot?,current pen,legend open?,number of pens,,,,,,,,,
0,1120,0,100,TRUE,"""default""",FALSE,1,,,,,,,,,
,,,,,,,,,,,,,,,,
pen name,pen down?,mode,interval,color,x,,,,,,,,,,,
"""default""",TRUE,0,1,0,1000,,,,,,,,,,,
,,,,,,,,,,,,,,,,
"""default""",,,,,,,,,,,,,,,,
x,y,color,pen down?,,,,,,,,,,,,,
0,0,0,TRUE,,0,,,,,,,,,,,
1,41,0,TRUE,,0.41,,,,,,,,,,,
2,48,0,TRUE,,0.48,,,,,,,,,,,
3,53,0,TRUE,,0.53,,,,,,,,,,,
4,59,0,TRUE,,0.59,,,,,,,,,,,
5,60,0,TRUE,,0.6,,,,,,,,,,,
6,70,0,TRUE,,0.7,,,,,,,,,,,
7,77,0,TRUE,,0.77,,,,,,,,,,,
8,69,0,TRUE,,0.69,,,,,,,,,,,
9,67,0,TRUE,,0.67,,,,,,,,,,,
10,66,0,TRUE,,0.66,,,,,,,,,,,
11,68,0,TRUE,,0.68,,,,,,,,,,,
12,71,0,TRUE,,0.71,,,,,,,,,,,
13,66,0,TRUE,,0.66,,,,,,,,,,,
14,68,0,TRUE,,0.68,,,,,,,,,,,
15,71,0,TRUE,,0.71,,,,,,,,,,,
16,75,0,TRUE,,0.75,,,,,,,,,,,
17,77,0,TRUE,,0.77,,,,,,,,,,,
18,80,0,TRUE,,0.8,,,,,,,,,,,
19,76,0,TRUE,,0.76,,,,,,,,,,,
20,80,0,TRUE,,0.8,,,,,,,,,,,
21,82,0,TRUE,,0.82,,,,,,,,,,,
22,85,0,TRUE,,0.85,,,,,,,,,,,
23,87,0,TRUE,,0.87,,,,,,,,,,,
24,88,0,TRUE,,0.88,,,,,,,,,,,
25,88,0,TRUE,,0.88,,,,,,,,,,,
26,89,0,TRUE,,0.89,,,,,,,,,,,
27,91,0,TRUE,,0.91,,,,,,,,,,,
28,90,0,TRUE,,0.9,,,,,,,,,,,
29,89,0,TRUE,,0.89,,,,,,,,,,,
30,89,0,TRUE,,0.89,,,,,,,,,,,
31,89,0,TRUE,,0.89,,,,,,,,,,,
32,89,0,TRUE,,0.89,,,,,,,,,,,
33,87,0,TRUE,,0.87,,,,,,,,,,,
34,89,0,TRUE,,0.89,,,,,,,,,,,
35,88,0,TRUE,,0.88,,,,,,,,,,,
36,88,0,TRUE,,0.88,,,,,,,,,,,
37,92,0,TRUE,,0.92,,,,,,,,,,,
38,93,0,TRUE,,0.93,,,,,,,,,,,
39,97,0,TRUE,,0.97,,,,,,,,,,,
40,97,0,TRUE,,0.97,,,,,,,,,,,
41,97,0,TRUE,,0.97,,,,,,,,,,,
42,96,0,TRUE,,0.96,,,,,,,,,,,
43,95,0,TRUE,,0.95,,,,,,,,,,,
44,94,0,TRUE,,0.94,,,,,,,,,,,
45,95,0,TRUE,,0.95,,,,,,,,,,,
46,93,0,TRUE,,0.93,,,,,,,,,,,
47,92,0,TRUE,,0.92,,,,,,,,,,,
48,92,0,TRUE,,0.92,,,,,,,,,,,
49,95,0,TRUE,,0.95,,,,,,,,,,,
50,93,0,TRUE,,0.93,,,,,,,,,,,
51,93,0,TRUE,,0.93,,,,,,,,,,,
52,90,0,TRUE,,0.9,,,,,,,,,,,
53,88,0,TRUE,,0.88,,,,,,,,,,,
54,86,0,TRUE,,0.86,,,,,,,,,,,
55,84,0,TRUE,,0.84,,,,,,,,,,,
56,85,0,TRUE,,0.85,,,,,,,,,,,
57,87,0,TRUE,,0.87,,,,,,,,,,,
58,85,0,TRUE,,0.85,,,,,,,,,,,
59,86,0,TRUE,,0.86,,,,,,,,,,,
60,83,0,TRUE,,0.83,,,,,,,,,,,
61,82,0,TRUE,,0.82,,,,,,,,,,,
62,87,0,TRUE,,0.87,,,,,,,,,,,
63,92,0,TRUE,,0.92,,,,,,,,,,,
64,92,0,TRUE,,0.92,,,,,,,,,,,
65,91,0,TRUE,,0.91,,,,,,,,,,,
66,95,0,TRUE,,0.95,,,,,,,,,,,
67,94,0,TRUE,,0.94,,,,,,,,,,,
68,95,0,TRUE,,0.95,,,,,,,,,,,
69,95,0,TRUE,,0.95,,,,,,,,,,,
70,93,0,TRUE,,0.93,,,,,,,,,,,
71,95,0,TRUE,,0.95,,,,,,,,,,,
72,93,0,TRUE,,0.93,,,,,,,,,,,
73,92,0,TRUE,,0.92,,,,,,,,,,,
74,93,0,TRUE,,0.93,,,,,,,,,,,
75,90,0,TRUE,,0.9,,,,,,,,,,,
76,85,0,TRUE,,0.85,,,,,,,,,,,
77,87,0,TRUE,,0.87,,,,,,,,,,,
78,83,0,TRUE,,0.83,,,,,,,,,,,
79,85,0,TRUE,,0.85,,,,,,,,,,,
80,87,0,TRUE,,0.87,,,,,,,,,,,
81,86,0,TRUE,,0.86,,,,,,,,,,,
82,84,0,TRUE,,0.84,,,,,,,,,,,
83,82,0,TRUE,,0.82,,,,,,,,,,,
84,87,0,TRUE,,0.87,,,,,,,,,,,
85,90,0,TRUE,,0.9,,,,,,,,,,,
86,88,0,TRUE,,0.88,,,,,,,,,,,
87,92,0,TRUE,,0.92,,,,,,,,,,,
88,94,0,TRUE,,0.94,,,,,,,,,,,
89,94,0,TRUE,,0.94,,,,,,,,,,,
90,94,0,TRUE,,0.94,,,,,,,,,,,
91,94,0,TRUE,,0.94,,,,,,,,,,,
92,92,0,TRUE,,0.92,,,,,,,,,,,
93,94,0,TRUE,,0.94,,,,,,,,,,,
94,89,0,TRUE,,0.89,,,,,,,,,,,
95,86,0,TRUE,,0.86,,,,,,,,,,,
96,89,0,TRUE,,0.89,,,,,,,,,,,
97,87,0,TRUE,,0.87,,,,,,,,,,,
98,87,0,TRUE,,0.87,,,,,,,,,,,
99,86,0,TRUE,,0.86,,,,,,,,,,,
100,88,0,TRUE,,0.88,,,,,,,,,,,
101,84,0,TRUE,,0.84,,,,,,,,,,,
102,87,0,TRUE,,0.87,,,,,,,,,,,
103,82,0,TRUE,,0.82,,,,,,,,,,,
104,85,0,TRUE,,0.85,,,,,,,,,,,
105,85,0,TRUE,,0.85,,,,,,,,,,,
106,84,0,TRUE,,0.84,,,,,,,,,,,
107,87,0,TRUE,,0.87,,,,,,,,,,,
108,89,0,TRUE,,0.89,,,,,,,,,,,
109,84,0,TRUE,,0.84,,,,,,,,,,,
110,86,0,TRUE,,0.86,,,,,,,,,,,
111,85,0,TRUE,,0.85,,,,,,,,,,,
112,81,0,TRUE,,0.81,,,,,,,,,,,
113,80,0,TRUE,,0.8,,,,,,,,,,,
114,85,0,TRUE,,0.85,,,,,,,,,,,
115,83,0,TRUE,,0.83,,,,,,,,,,,
116,85,0,TRUE,,0.85,,,,,,,,,,,
117,84,0,TRUE,,0.84,,,,,,,,,,,
118,84,0,TRUE,,0.84,,,,,,,,,,,
119,86,0,TRUE,,0.86,,,,,,,,,,,
120,84,0,TRUE,,0.84,,,,,,,,,,,
121,85,0,TRUE,,0.85,,,,,,,,,,,
122,83,0,TRUE,,0.83,,,,,,,,,,,
123,80,0,TRUE,,0.8,,,,,,,,,,,
124,77,0,TRUE,,0.77,,,,,,,,,,,
125,75,0,TRUE,,0.75,,,,,,,,,,,
126,76,0,TRUE,,0.76,,,,,,,,,,,
127,73,0,TRUE,,0.73,,,,,,,,,,,
128,74,0,TRUE,,0.74,,,,,,,,,,,
129,77,0,TRUE,,0.77,,,,,,,,,,,
130,71,0,TRUE,,0.71,,,,,,,,,,,
131,73,0,TRUE,,0.73,,,,,,,,,,,
132,73,0,TRUE,,0.73,,,,,,,,,,,
133,70,0,TRUE,,0.7,,,,,,,,,,,
134,71,0,TRUE,,0.71,,,,,,,,,,,
135,69,0,TRUE,,0.69,,,,,,,,,,,
136,73,0,TRUE,,0.73,,,,,,,,,,,
137,76,0,TRUE,,0.76,,,,,,,,,,,
138,81,0,TRUE,,0.81,,,,,,,,,,,
139,80,0,TRUE,,0.8,,,,,,,,,,,
140,79,0,TRUE,,0.79,,,,,,,,,,,
141,82,0,TRUE,,0.82,,,,,,,,,,,
142,77,0,TRUE,,0.77,,,,,,,,,,,
143,76,0,TRUE,,0.76,,,,,,,,,,,
144,77,0,TRUE,,0.77,,,,,,,,,,,
145,76,0,TRUE,,0.76,,,,,,,,,,,
146,78,0,TRUE,,0.78,,,,,,,,,,,
147,78,0,TRUE,,0.78,,,,,,,,,,,
148,72,0,TRUE,,0.72,,,,,,,,,,,
149,73,0,TRUE,,0.73,,,,,,,,,,,
150,70,0,TRUE,,0.7,,,,,,,,,,,
151,73,0,TRUE,,0.73,,,,,,,,,,,
152,74,0,TRUE,,0.74,,,,,,,,,,,
153,79,0,TRUE,,0.79,,,,,,,,,,,
154,75,0,TRUE,,0.75,,,,,,,,,,,
155,77,0,TRUE,,0.77,,,,,,,,,,,
156,85,0,TRUE,,0.85,,,,,,,,,,,
157,86,0,TRUE,,0.86,,,,,,,,,,,
158,76,0,TRUE,,0.76,,,,,,,,,,,
159,79,0,TRUE,,0.79,,,,,,,,,,,
160,79,0,TRUE,,0.79,,,,,,,,,,,
161,79,0,TRUE,,0.79,,,,,,,,,,,
162,81,0,TRUE,,0.81,,,,,,,,,,,
163,82,0,TRUE,,0.82,,,,,,,,,,,
164,77,0,TRUE,,0.77,,,,,,,,,,,
165,73,0,TRUE,,0.73,,,,,,,,,,,
166,70,0,TRUE,,0.7,,,,,,,,,,,
167,71,0,TRUE,,0.71,,,,,,,,,,,
168,72,0,TRUE,,0.72,,,,,,,,,,,
169,75,0,TRUE,,0.75,,,,,,,,,,,
170,76,0,TRUE,,0.76,,,,,,,,,,,
171,76,0,TRUE,,0.76,,,,,,,,,,,
172,74,0,TRUE,,0.74,,,,,,,,,,,
173,73,0,TRUE,,0.73,,,,,,,,,,,
174,67,0,TRUE,,0.67,,,,,,,,,,,
175,70,0,TRUE,,0.7,,,,,,,,,,,
176,72,0,TRUE,,0.72,,,,,,,,,,,
177,76,0,TRUE,,0.76,,,,,,,,,,,
178,75,0,TRUE,,0.75,,,,,,,,,,,
179,78,0,TRUE,,0.78,,,,,,,,,,,
180,81,0,TRUE,,0.81,,,,,,,,,,,
181,77,0,TRUE,,0.77,,,,,,,,,,,
182,78,0,TRUE,,0.78,,,,,,,,,,,
183,75,0,TRUE,,0.75,,,,,,,,,,,
184,80,0,TRUE,,0.8,,,,,,,,,,,
185,82,0,TRUE,,0.82,,,,,,,,,,,
186,81,0,TRUE,,0.81,,,,,,,,,,,
187,79,0,TRUE,,0.79,,,,,,,,,,,
188,80,0,TRUE,,0.8,,,,,,,,,,,
189,80,0,TRUE,,0.8,,,,,,,,,,,
190,78,0,TRUE,,0.78,,,,,,,,,,,
191,81,0,TRUE,,0.81,,,,,,,,,,,
192,78,0,TRUE,,0.78,,,,,,,,,,,
193,77,0,TRUE,,0.77,,,,,,,,,,,
194,80,0,TRUE,,0.8,,,,,,,,,,,
195,84,0,TRUE,,0.84,,,,,,,,,,,
196,84,0,TRUE,,0.84,,,,,,,,,,,
197,85,0,TRUE,,0.85,,,,,,,,,,,
198,81,0,TRUE,,0.81,,,,,,,,,,,
199,79,0,TRUE,,0.79,,,,,,,,,,,
200,84,0,TRUE,,0.84,,,,,,,,,,,
201,86,0,TRUE,,0.86,,,,,,,,,,,
202,85,0,TRUE,,0.85,,,,,,,,,,,
203,84,0,TRUE,,0.84,,,,,,,,,,,
204,80,0,TRUE,,0.8,,,,,,,,,,,
205,81,0,TRUE,,0.81,,,,,,,,,,,
206,80,0,TRUE,,0.8,,,,,,,,,,,
207,80,0,TRUE,,0.8,,,,,,,,,,,
208,80,0,TRUE,,0.8,,,,,,,,,,,
209,80,0,TRUE,,0.8,,,,,,,,,,,
210,83,0,TRUE,,0.83,,,,,,,,,,,
211,84,0,TRUE,,0.84,,,,,,,,,,,
212,86,0,TRUE,,0.86,,,,,,,,,,,
213,86,0,TRUE,,0.86,,,,,,,,,,,
214,84,0,TRUE,,0.84,,,,,,,,,,,
215,82,0,TRUE,,0.82,,,,,,,,,,,
216,80,0,TRUE,,0.8,,,,,,,,,,,
217,83,0,TRUE,,0.83,,,,,,,,,,,
218,83,0,TRUE,,0.83,,,,,,,,,,,
219,86,0,TRUE,,0.86,,,,,,,,,,,
220,83,0,TRUE,,0.83,,,,,,,,,,,
221,79,0,TRUE,,0.79,,,,,,,,,,,
222,79,0,TRUE,,0.79,,,,,,,,,,,
223,76,0,TRUE,,0.76,,,,,,,,,,,
224,74,0,TRUE,,0.74,,,,,,,,,,,
225,75,0,TRUE,,0.75,,,,,,,,,,,
226,73,0,TRUE,,0.73,,,,,,,,,,,
227,69,0,TRUE,,0.69,,,,,,,,,,,
228,69,0,TRUE,,0.69,,,,,,,,,,,
229,68,0,TRUE,,0.68,,,,,,,,,,,
230,67,0,TRUE,,0.67,,,,,,,,,,,
231,66,0,TRUE,,0.66,,,,,,,,,,,
232,59,0,TRUE,,0.59,,,,,,,,,,,
233,62,0,TRUE,,0.62,,,,,,,,,,,
234,66,0,TRUE,,0.66,,,,,,,,,,,
235,68,0,TRUE,,0.68,,,,,,,,,,,
236,68,0,TRUE,,0.68,,,,,,,,,,,
237,69,0,TRUE,,0.69,,,,,,,,,,,
238,73,0,TRUE,,0.73,,,,,,,,,,,
239,71,0,TRUE,,0.71,,,,,,,,,,,
240,69,0,TRUE,,0.69,,,,,,,,,,,
241,67,0,TRUE,,0.67,,,,,,,,,,,
242,72,0,TRUE,,0.72,,,,,,,,,,,
243,74,0,TRUE,,0.74,,,,,,,,,,,
244,77,0,TRUE,,0.77,,,,,,,,,,,
245,81,0,TRUE,,0.81,,,,,,,,,,,
246,82,0,TRUE,,0.82,,,,,,,,,,,
247,82,0,TRUE,,0.82,,,,,,,,,,,
248,79,0,TRUE,,0.79,,,,,,,,,,,
249,80,0,TRUE,,0.8,,,,,,,,,,,
250,83,0,TRUE,,0.83,,,,,,,,,,,
251,79,0,TRUE,,0.79,,,,,,,,,,,
252,72,0,TRUE,,0.72,,,,,,,,,,,
253,76,0,TRUE,,0.76,,,,,,,,,,,
254,78,0,TRUE,,0.78,,,,,,,,,,,
255,75,0,TRUE,,0.75,,,,,,,,,,,
256,78,0,TRUE,,0.78,,,,,,,,,,,
257,81,0,TRUE,,0.81,,,,,,,,,,,
258,79,0,TRUE,,0.79,,,,,,,,,,,
259,78,0,TRUE,,0.78,,,,,,,,,,,
260,74,0,TRUE,,0.74,,,,,,,,,,,
261,69,0,TRUE,,0.69,,,,,,,,,,,
262,71,0,TRUE,,0.71,,,,,,,,,,,
263,72,0,TRUE,,0.72,,,,,,,,,,,
264,70,0,TRUE,,0.7,,,,,,,,,,,
265,69,0,TRUE,,0.69,,,,,,,,,,,
266,67,0,TRUE,,0.67,,,,,,,,,,,
267,71,0,TRUE,,0.71,,,,,,,,,,,
268,70,0,TRUE,,0.7,,,,,,,,,,,
269,71,0,TRUE,,0.71,,,,,,,,,,,
270,69,0,TRUE,,0.69,,,,,,,,,,,
271,69,0,TRUE,,0.69,,,,,,,,,,,
272,72,0,TRUE,,0.72,,,,,,,,,,,
273,70,0,TRUE,,0.7,,,,,,,,,,,
274,65,0,TRUE,,0.65,,,,,,,,,,,
275,71,0,TRUE,,0.71,,,,,,,,,,,
276,76,0,TRUE,,0.76,,,,,,,,,,,
277,78,0,TRUE,,0.78,,,,,,,,,,,
278,76,0,TRUE,,0.76,,,,,,,,,,,
279,71,0,TRUE,,0.71,,,,,,,,,,,
280,74,0,TRUE,,0.74,,,,,,,,,,,
281,78,0,TRUE,,0.78,,,,,,,,,,,
282,83,0,TRUE,,0.83,,,,,,,,,,,
283,82,0,TRUE,,0.82,,,,,,,,,,,
284,86,0,TRUE,,0.86,,,,,,,,,,,
285,86,0,TRUE,,0.86,,,,,,,,,,,
286,84,0,TRUE,,0.84,,,,,,,,,,,
287,82,0,TRUE,,0.82,,,,,,,,,,,
288,83,0,TRUE,,0.83,,,,,,,,,,,
289,85,0,TRUE,,0.85,,,,,,,,,,,
290,82,0,TRUE,,0.82,,,,,,,,,,,
291,80,0,TRUE,,0.8,,,,,,,,,,,
292,75,0,TRUE,,0.75,,,,,,,,,,,
293,74,0,TRUE,,0.74,,,,,,,,,,,
294,77,0,TRUE,,0.77,,,,,,,,,,,
295,79,0,TRUE,,0.79,,,,,,,,,,,
296,76,0,TRUE,,0.76,,,,,,,,,,,
297,80,0,TRUE,,0.8,,,,,,,,,,,
298,80,0,TRUE,,0.8,,,,,,,,,,,
299,75,0,TRUE,,0.75,,,,,,,,,,,
300,78,0,TRUE,,0.78,,,,,,,,,,,
301,76,0,TRUE,,0.76,,,,,,,,,,,
302,77,0,TRUE,,0.77,,,,,,,,,,,
303,72,0,TRUE,,0.72,,,,,,,,,,,
304,72,0,TRUE,,0.72,,,,,,,,,,,
305,72,0,TRUE,,0.72,,,,,,,,,,,
306,75,0,TRUE,,0.75,,,,,,,,,,,
307,80,0,TRUE,,0.8,,,,,,,,,,,
308,85,0,TRUE,,0.85,,,,,,,,,,,
309,87,0,TRUE,,0.87,,,,,,,,,,,
310,89,0,TRUE,,0.89,,,,,,,,,,,
311,92,0,TRUE,,0.92,,,,,,,,,,,
312,94,0,TRUE,,0.94,,,,,,,,,,,
313,94,0,TRUE,,0.94,,,,,,,,,,,
314,94,0,TRUE,,0.94,,,,,,,,,,,
315,94,0,TRUE,,0.94,,,,,,,,,,,
316,95,0,TRUE,,0.95,,,,,,,,,,,
317,97,0,TRUE,,0.97,,,,,,,,,,,
318,97,0,TRUE,,0.97,,,,,,,,,,,
319,95,0,TRUE,,0.95,,,,,,,,,,,
320,93,0,TRUE,,0.93,,,,,,,,,,,
321,96,0,TRUE,,0.96,,,,,,,,,,,
322,96,0,TRUE,,0.96,,,,,,,,,,,
323,98,0,TRUE,,0.98,,,,,,,,,,,
324,97,0,TRUE,,0.97,,,,,,,,,,,
325,97,0,TRUE,,0.97,,,,,,,,,,,
326,97,0,TRUE,,0.97,,,,,,,,,,,
327,95,0,TRUE,,0.95,,,,,,,,,,,
328,94,0,TRUE,,0.94,,,,,,,,,,,
329,95,0,TRUE,,0.95,,,,,,,,,,,
330,96,0,TRUE,,0.96,,,,,,,,,,,
331,97,0,TRUE,,0.97,,,,,,,,,,,
332,97,0,TRUE,,0.97,,,,,,,,,,,
333,97,0,TRUE,,0.97,,,,,,,,,,,
334,99,0,TRUE,,0.99,,,,,,,,,,,
335,98,0,TRUE,,0.98,,,,,,,,,,,
336,98,0,TRUE,,0.98,,,,,,,,,,,
337,98,0,TRUE,,0.98,,,,,,,,,,,
338,98,0,TRUE,,0.98,,,,,,,,,,,
339,98,0,TRUE,,0.98,,,,,,,,,,,
340,98,0,TRUE,,0.98,,,,,,,,,,,
341,97,0,TRUE,,0.97,,,,,,,,,,,
342,97,0,TRUE,,0.97,,,,,,,,,,,
343,98,0,TRUE,,0.98,,,,,,,,,,,
344,96,0,TRUE,,0.96,,,,,,,,,,,
345,95,0,TRUE,,0.95,,,,,,,,,,,
346,93,0,TRUE,,0.93,,,,,,,,,,,
347,93,0,TRUE,,0.93,,,,,,,,,,,
348,96,0,TRUE,,0.96,,,,,,,,,,,
349,93,0,TRUE,,0.93,,,,,,,,,,,
350,94,0,TRUE,,0.94,,,,,,,,,,,
351,94,0,TRUE,,0.94,,,,,,,,,,,
352,92,0,TRUE,,0.92,,,,,,,,,,,
353,93,0,TRUE,,0.93,,,,,,,,,,,
354,92,0,TRUE,,0.92,,,,,,,,,,,
355,89,0,TRUE,,0.89,,,,,,,,,,,
356,89,0,TRUE,,0.89,,,,,,,,,,,
357,87,0,TRUE,,0.87,,,,,,,,,,,
358,84,0,TRUE,,0.84,,,,,,,,,,,
359,83,0,TRUE,,0.83,,,,,,,,,,,
360,85,0,TRUE,,0.85,,,,,,,,,,,
361,82,0,TRUE,,0.82,,,,,,,,,,,
362,80,0,TRUE,,0.8,,,,,,,,,,,
363,80,0,TRUE,,0.8,,,,,,,,,,,
364,82,0,TRUE,,0.82,,,,,,,,,,,
365,83,0,TRUE,,0.83,,,,,,,,,,,
366,84,0,TRUE,,0.84,,,,,,,,,,,
367,87,0,TRUE,,0.87,,,,,,,,,,,
368,86,0,TRUE,,0.86,,,,,,,,,,,
369,86,0,TRUE,,0.86,,,,,,,,,,,
370,85,0,TRUE,,0.85,,,,,,,,,,,
371,82,0,TRUE,,0.82,,,,,,,,,,,
372,78,0,TRUE,,0.78,,,,,,,,,,,
373,75,0,TRUE,,0.75,,,,,,,,,,,
374,72,0,TRUE,,0.72,,,,,,,,,,,
375,70,0,TRUE,,0.7,,,,,,,,,,,
376,71,0,TRUE,,0.71,,,,,,,,,,,
377,69,0,TRUE,,0.69,,,,,,,,,,,
378,68,0,TRUE,,0.68,,,,,,,,,,,
379,68,0,TRUE,,0.68,,,,,,,,,,,
380,67,0,TRUE,,0.67,,,,,,,,,,,
381,67,0,TRUE,,0.67,,,,,,,,,,,
382,62,0,TRUE,,0.62,,,,,,,,,,,
383,56,0,TRUE,,0.56,,,,,,,,,,,
384,53,0,TRUE,,0.53,,,,,,,,,,,
385,58,0,TRUE,,0.58,,,,,,,,,,,
386,52,0,TRUE,,0.52,,,,,,,,,,,
387,50,0,TRUE,,0.5,,,,,,,,,,,
388,53,0,TRUE,,0.53,,,,,,,,,,,
389,51,0,TRUE,,0.51,,,,,,,,,,,
390,45,0,TRUE,,0.45,,,,,,,,,,,
391,44,0,TRUE,,0.44,,,,,,,,,,,
392,43,0,TRUE,,0.43,,,,,,,,,,,
393,43,0,TRUE,,0.43,,,,,,,,,,,
394,44,0,TRUE,,0.44,,,,,,,,,,,
395,42,0,TRUE,,0.42,,,,,,,,,,,
396,45,0,TRUE,,0.45,,,,,,,,,,,
397,44,0,TRUE,,0.44,,,,,,,,,,,
398,42,0,TRUE,,0.42,,,,,,,,,,,
399,49,0,TRUE,,0.49,,,,,,,,,,,
400,50,0,TRUE,,0.5,,,,,,,,,,,
401,46,0,TRUE,,0.46,,,,,,,,,,,
402,49,0,TRUE,,0.49,,,,,,,,,,,
403,47,0,TRUE,,0.47,,,,,,,,,,,
404,51,0,TRUE,,0.51,,,,,,,,,,,
405,48,0,TRUE,,0.48,,,,,,,,,,,
406,44,0,TRUE,,0.44,,,,,,,,,,,
407,42,0,TRUE,,0.42,,,,,,,,,,,
408,40,0,TRUE,,0.4,,,,,,,,,,,
409,46,0,TRUE,,0.46,,,,,,,,,,,
410,47,0,TRUE,,0.47,,,,,,,,,,,
411,53,0,TRUE,,0.53,,,,,,,,,,,
412,50,0,TRUE,,0.5,,,,,,,,,,,
413,52,0,TRUE,,0.52,,,,,,,,,,,
414,50,0,TRUE,,0.5,,,,,,,,,,,
415,41,0,TRUE,,0.41,,,,,,,,,,,
416,40,0,TRUE,,0.4,,,,,,,,,,,
417,37,0,TRUE,,0.37,,,,,,,,,,,
418,37,0,TRUE,,0.37,,,,,,,,,,,
419,42,0,TRUE,,0.42,,,,,,,,,,,
420,38,0,TRUE,,0.38,,,,,,,,,,,
421,43,0,TRUE,,0.43,,,,,,,,,,,
422,47,0,TRUE,,0.47,,,,,,,,,,,
423,49,0,TRUE,,0.49,,,,,,,,,,,
424,45,0,TRUE,,0.45,,,,,,,,,,,
425,47,0,TRUE,,0.47,,,,,,,,,,,
426,44,0,TRUE,,0.44,,,,,,,,,,,
427,45,0,TRUE,,0.45,,,,,,,,,,,
428,46,0,TRUE,,0.46,,,,,,,,,,,
429,43,0,TRUE,,0.43,,,,,,,,,,,
430,49,0,TRUE,,0.49,,,,,,,,,,,
431,49,0,TRUE,,0.49,,,,,,,,,,,
432,49,0,TRUE,,0.49,,,,,,,,,,,
433,53,0,TRUE,,0.53,,,,,,,,,,,
434,50,0,TRUE,,0.5,,,,,,,,,,,
435,48,0,TRUE,,0.48,,,,,,,,,,,
436,47,0,TRUE,,0.47,,,,,,,,,,,
437,53,0,TRUE,,0.53,,,,,,,,,,,
438,48,0,TRUE,,0.48,,,,,,,,,,,
439,53,0,TRUE,,0.53,,,,,,,,,,,
440,53,0,TRUE,,0.53,,,,,,,,,,,
441,49,0,TRUE,,0.49,,,,,,,,,,,
442,53,0,TRUE,,0.53,,,,,,,,,,,
443,53,0,TRUE,,0.53,,,,,,,,,,,
444,55,0,TRUE,,0.55,,,,,,,,,,,
445,56,0,TRUE,,0.56,,,,,,,,,,,
446,56,0,TRUE,,0.56,,,,,,,,,,,
447,59,0,TRUE,,0.59,,,,,,,,,,,
448,57,0,TRUE,,0.57,,,,,,,,,,,
449,59,0,TRUE,,0.59,,,,,,,,,,,
450,61,0,TRUE,,0.61,,,,,,,,,,,
451,61,0,TRUE,,0.61,,,,,,,,,,,
452,66,0,TRUE,,0.66,,,,,,,,,,,
453,65,0,TRUE,,0.65,,,,,,,,,,,
454,65,0,TRUE,,0.65,,,,,,,,,,,
455,60,0,TRUE,,0.6,,,,,,,,,,,
456,61,0,TRUE,,0.61,,,,,,,,,,,
457,60,0,TRUE,,0.6,,,,,,,,,,,
458,65,0,TRUE,,0.65,,,,,,,,,,,
459,63,0,TRUE,,0.63,,,,,,,,,,,
460,64,0,TRUE,,0.64,,,,,,,,,,,
461,63,0,TRUE,,0.63,,,,,,,,,,,
462,64,0,TRUE,,0.64,,,,,,,,,,,
463,61,0,TRUE,,0.61,,,,,,,,,,,
464,58,0,TRUE,,0.58,,,,,,,,,,,
465,59,0,TRUE,,0.59,,,,,,,,,,,
466,59,0,TRUE,,0.59,,,,,,,,,,,
467,59,0,TRUE,,0.59,,,,,,,,,,,
468,56,0,TRUE,,0.56,,,,,,,,,,,
469,54,0,TRUE,,0.54,,,,,,,,,,,
470,48,0,TRUE,,0.48,,,,,,,,,,,
471,49,0,TRUE,,0.49,,,,,,,,,,,
472,52,0,TRUE,,0.52,,,,,,,,,,,
473,51,0,TRUE,,0.51,,,,,,,,,,,
474,60,0,TRUE,,0.6,,,,,,,,,,,
475,59,0,TRUE,,0.59,,,,,,,,,,,
476,60,0,TRUE,,0.6,,,,,,,,,,,
477,60,0,TRUE,,0.6,,,,,,,,,,,
478,62,0,TRUE,,0.62,,,,,,,,,,,
479,59,0,TRUE,,0.59,,,,,,,,,,,
480,60,0,TRUE,,0.6,,,,,,,,,,,
481,64,0,TRUE,,0.64,,,,,,,,,,,
482,61,0,TRUE,,0.61,,,,,,,,,,,
483,60,0,TRUE,,0.6,,,,,,,,,,,
484,59,0,TRUE,,0.59,,,,,,,,,,,
485,63,0,TRUE,,0.63,,,,,,,,,,,
486,57,0,TRUE,,0.57,,,,,,,,,,,
487,59,0,TRUE,,0.59,,,,,,,,,,,
488,61,0,TRUE,,0.61,,,,,,,,,,,
489,58,0,TRUE,,0.58,,,,,,,,,,,
490,55,0,TRUE,,0.55,,,,,,,,,,,
491,54,0,TRUE,,0.54,,,,,,,,,,,
492,56,0,TRUE,,0.56,,,,,,,,,,,
493,60,0,TRUE,,0.6,,,,,,,,,,,
494,58,0,TRUE,,0.58,,,,,,,,,,,
495,62,0,TRUE,,0.62,,,,,,,,,,,
496,65,0,TRUE,,0.65,,,,,,,,,,,
497,65,0,TRUE,,0.65,,,,,,,,,,,
498,63,0,TRUE,,0.63,,,,,,,,,,,
499,61,0,TRUE,,0.61,,,,,,,,,,,
500,64,0,TRUE,,0.64,,,,,,,,,,,
501,65,0,TRUE,,0.65,,,,,,,,,,,
502,57,0,TRUE,,0.57,,,,,,,,,,,
503,60,0,TRUE,,0.6,,,,,,,,,,,
504,57,0,TRUE,,0.57,,,,,,,,,,,
505,56,0,TRUE,,0.56,,,,,,,,,,,
506,53,0,TRUE,,0.53,,,,,,,,,,,
507,50,0,TRUE,,0.5,,,,,,,,,,,
508,52,0,TRUE,,0.52,,,,,,,,,,,
509,55,0,TRUE,,0.55,,,,,,,,,,,
510,55,0,TRUE,,0.55,,,,,,,,,,,
511,58,0,TRUE,,0.58,,,,,,,,,,,
512,59,0,TRUE,,0.59,,,,,,,,,,,
513,61,0,TRUE,,0.61,,,,,,,,,,,
514,65,0,TRUE,,0.65,,,,,,,,,,,
515,65,0,TRUE,,0.65,,,,,,,,,,,
516,66,0,TRUE,,0.66,,,,,,,,,,,
517,68,0,TRUE,,0.68,,,,,,,,,,,
518,71,0,TRUE,,0.71,,,,,,,,,,,
519,75,0,TRUE,,0.75,,,,,,,,,,,
520,74,0,TRUE,,0.74,,,,,,,,,,,
521,75,0,TRUE,,0.75,,,,,,,,,,,
522,70,0,TRUE,,0.7,,,,,,,,,,,
523,71,0,TRUE,,0.71,,,,,,,,,,,
524,63,0,TRUE,,0.63,,,,,,,,,,,
525,63,0,TRUE,,0.63,,,,,,,,,,,
526,57,0,TRUE,,0.57,,,,,,,,,,,
527,54,0,TRUE,,0.54,,,,,,,,,,,
528,49,0,TRUE,,0.49,,,,,,,,,,,
529,45,0,TRUE,,0.45,,,,,,,,,,,
530,48,0,TRUE,,0.48,,,,,,,,,,,
531,50,0,TRUE,,0.5,,,,,,,,,,,
532,50,0,TRUE,,0.5,,,,,,,,,,,
533,55,0,TRUE,,0.55,,,,,,,,,,,
534,55,0,TRUE,,0.55,,,,,,,,,,,
535,56,0,TRUE,,0.56,,,,,,,,,,,
536,66,0,TRUE,,0.66,,,,,,,,,,,
537,67,0,TRUE,,0.67,,,,,,,,,,,
538,60,0,TRUE,,0.6,,,,,,,,,,,
539,61,0,TRUE,,0.61,,,,,,,,,,,
540,65,0,TRUE,,0.65,,,,,,,,,,,
541,65,0,TRUE,,0.65,,,,,,,,,,,
542,66,0,TRUE,,0.66,,,,,,,,,,,
543,61,0,TRUE,,0.61,,,,,,,,,,,
544,64,0,TRUE,,0.64,,,,,,,,,,,
545,70,0,TRUE,,0.7,,,,,,,,,,,
546,72,0,TRUE,,0.72,,,,,,,,,,,
547,75,0,TRUE,,0.75,,,,,,,,,,,
548,77,0,TRUE,,0.77,,,,,,,,,,,
549,74,0,TRUE,,0.74,,,,,,,,,,,
550,72,0,TRUE,,0.72,,,,,,,,,,,
551,71,0,TRUE,,0.71,,,,,,,,,,,
552,70,0,TRUE,,0.7,,,,,,,,,,,
553,74,0,TRUE,,0.74,,,,,,,,,,,
554,73,0,TRUE,,0.73,,,,,,,,,,,
555,72,0,TRUE,,0.72,,,,,,,,,,,
556,72,0,TRUE,,0.72,,,,,,,,,,,
557,78,0,TRUE,,0.78,,,,,,,,,,,
558,80,0,TRUE,,0.8,,,,,,,,,,,
559,78,0,TRUE,,0.78,,,,,,,,,,,
560,81,0,TRUE,,0.81,,,,,,,,,,,
561,83,0,TRUE,,0.83,,,,,,,,,,,
562,81,0,TRUE,,0.81,,,,,,,,,,,
563,79,0,TRUE,,0.79,,,,,,,,,,,
564,77,0,TRUE,,0.77,,,,,,,,,,,
565,80,0,TRUE,,0.8,,,,,,,,,,,
566,75,0,TRUE,,0.75,,,,,,,,,,,
567,77,0,TRUE,,0.77,,,,,,,,,,,
568,76,0,TRUE,,0.76,,,,,,,,,,,
569,80,0,TRUE,,0.8,,,,,,,,,,,
570,78,0,TRUE,,0.78,,,,,,,,,,,
571,76,0,TRUE,,0.76,,,,,,,,,,,
572,77,0,TRUE,,0.77,,,,,,,,,,,
573,73,0,TRUE,,0.73,,,,,,,,,,,
574,79,0,TRUE,,0.79,,,,,,,,,,,
575,81,0,TRUE,,0.81,,,,,,,,,,,
576,85,0,TRUE,,0.85,,,,,,,,,,,
577,81,0,TRUE,,0.81,,,,,,,,,,,
578,80,0,TRUE,,0.8,,,,,,,,,,,
579,83,0,TRUE,,0.83,,,,,,,,,,,
580,84,0,TRUE,,0.84,,,,,,,,,,,
581,86,0,TRUE,,0.86,,,,,,,,,,,
582,88,0,TRUE,,0.88,,,,,,,,,,,
583,86,0,TRUE,,0.86,,,,,,,,,,,
584,82,0,TRUE,,0.82,,,,,,,,,,,
585,82,0,TRUE,,0.82,,,,,,,,,,,
586,79,0,TRUE,,0.79,,,,,,,,,,,
587,80,0,TRUE,,0.8,,,,,,,,,,,
588,81,0,TRUE,,0.81,,,,,,,,,,,
589,80,0,TRUE,,0.8,,,,,,,,,,,
590,80,0,TRUE,,0.8,,,,,,,,,,,
591,82,0,TRUE,,0.82,,,,,,,,,,,
592,81,0,TRUE,,0.81,,,,,,,,,,,
593,78,0,TRUE,,0.78,,,,,,,,,,,
594,78,0,TRUE,,0.78,,,,,,,,,,,
595,75,0,TRUE,,0.75,,,,,,,,,,,
596,73,0,TRUE,,0.73,,,,,,,,,,,
597,73,0,TRUE,,0.73,,,,,,,,,,,
598,71,0,TRUE,,0.71,,,,,,,,,,,
599,71,0,TRUE,,0.71,,,,,,,,,,,
600,70,0,TRUE,,0.7,,,,,,,,,,,
601,72,0,TRUE,,0.72,,,,,,,,,,,
602,71,0,TRUE,,0.71,,,,,,,,,,,
603,71,0,TRUE,,0.71,,,,,,,,,,,
604,75,0,TRUE,,0.75,,,,,,,,,,,
605,74,0,TRUE,,0.74,,,,,,,,,,,
606,75,0,TRUE,,0.75,,,,,,,,,,,
607,78,0,TRUE,,0.78,,,,,,,,,,,
608,79,0,TRUE,,0.79,,,,,,,,,,,
609,81,0,TRUE,,0.81,,,,,,,,,,,
610,81,0,TRUE,,0.81,,,,,,,,,,,
611,85,0,TRUE,,0.85,,,,,,,,,,,
612,84,0,TRUE,,0.84,,,,,,,,,,,
613,86,0,TRUE,,0.86,,,,,,,,,,,
614,85,0,TRUE,,0.85,,,,,,,,,,,
615,85,0,TRUE,,0.85,,,,,,,,,,,
616,84,0,TRUE,,0.84,,,,,,,,,,,
617,84,0,TRUE,,0.84,,,,,,,,,,,
618,86,0,TRUE,,0.86,,,,,,,,,,,
619,86,0,TRUE,,0.86,,,,,,,,,,,
620,82,0,TRUE,,0.82,,,,,,,,,,,
621,84,0,TRUE,,0.84,,,,,,,,,,,
622,85,0,TRUE,,0.85,,,,,,,,,,,
623,84,0,TRUE,,0.84,,,,,,,,,,,
624,85,0,TRUE,,0.85,,,,,,,,,,,
625,83,0,TRUE,,0.83,,,,,,,,,,,
626,84,0,TRUE,,0.84,,,,,,,,,,,
627,83,0,TRUE,,0.83,,,,,,,,,,,
628,84,0,TRUE,,0.84,,,,,,,,,,,
629,86,0,TRUE,,0.86,,,,,,,,,,,
630,89,0,TRUE,,0.89,,,,,,,,,,,
631,87,0,TRUE,,0.87,,,,,,,,,,,
632,86,0,TRUE,,0.86,,,,,,,,,,,
633,85,0,TRUE,,0.85,,,,,,,,,,,
634,85,0,TRUE,,0.85,,,,,,,,,,,
635,86,0,TRUE,,0.86,,,,,,,,,,,
636,87,0,TRUE,,0.87,,,,,,,,,,,
637,84,0,TRUE,,0.84,,,,,,,,,,,
638,84,0,TRUE,,0.84,,,,,,,,,,,
639,83,0,TRUE,,0.83,,,,,,,,,,,
640,83,0,TRUE,,0.83,,,,,,,,,,,
641,85,0,TRUE,,0.85,,,,,,,,,,,
642,79,0,TRUE,,0.79,,,,,,,,,,,
643,74,0,TRUE,,0.74,,,,,,,,,,,
644,76,0,TRUE,,0.76,,,,,,,,,,,
645,77,0,TRUE,,0.77,,,,,,,,,,,
646,80,0,TRUE,,0.8,,,,,,,,,,,
647,79,0,TRUE,,0.79,,,,,,,,,,,
648,75,0,TRUE,,0.75,,,,,,,,,,,
649,75,0,TRUE,,0.75,,,,,,,,,,,
650,74,0,TRUE,,0.74,,,,,,,,,,,
651,74,0,TRUE,,0.74,,,,,,,,,,,
652,74,0,TRUE,,0.74,,,,,,,,,,,
653,69,0,TRUE,,0.69,,,,,,,,,,,
654,72,0,TRUE,,0.72,,,,,,,,,,,
655,75,0,TRUE,,0.75,,,,,,,,,,,
656,76,0,TRUE,,0.76,,,,,,,,,,,
657,74,0,TRUE,,0.74,,,,,,,,,,,
658,75,0,TRUE,,0.75,,,,,,,,,,,
659,78,0,TRUE,,0.78,,,,,,,,,,,
660,80,0,TRUE,,0.8,,,,,,,,,,,
661,79,0,TRUE,,0.79,,,,,,,,,,,
662,79,0,TRUE,,0.79,,,,,,,,,,,
663,73,0,TRUE,,0.73,,,,,,,,,,,
664,74,0,TRUE,,0.74,,,,,,,,,,,
665,78,0,TRUE,,0.78,,,,,,,,,,,
666,77,0,TRUE,,0.77,,,,,,,,,,,
667,75,0,TRUE,,0.75,,,,,,,,,,,
668,74,0,TRUE,,0.74,,,,,,,,,,,
669,76,0,TRUE,,0.76,,,,,,,,,,,
670,74,0,TRUE,,0.74,,,,,,,,,,,
671,73,0,TRUE,,0.73,,,,,,,,,,,
672,76,0,TRUE,,0.76,,,,,,,,,,,
673,77,0,TRUE,,0.77,,,,,,,,,,,
674,78,0,TRUE,,0.78,,,,,,,,,,,
675,79,0,TRUE,,0.79,,,,,,,,,,,
676,83,0,TRUE,,0.83,,,,,,,,,,,
677,84,0,TRUE,,0.84,,,,,,,,,,,
678,87,0,TRUE,,0.87,,,,,,,,,,,
679,87,0,TRUE,,0.87,,,,,,,,,,,
680,85,0,TRUE,,0.85,,,,,,,,,,,
681,85,0,TRUE,,0.85,,,,,,,,,,,
682,86,0,TRUE,,0.86,,,,,,,,,,,
683,87,0,TRUE,,0.87,,,,,,,,,,,
684,89,0,TRUE,,0.89,,,,,,,,,,,
685,92,0,TRUE,,0.92,,,,,,,,,,,
686,90,0,TRUE,,0.9,,,,,,,,,,,
687,91,0,TRUE,,0.91,,,,,,,,,,,
688,91,0,TRUE,,0.91,,,,,,,,,,,
689,92,0,TRUE,,0.92,,,,,,,,,,,
690,92,0,TRUE,,0.92,,,,,,,,,,,
691,89,0,TRUE,,0.89,,,,,,,,,,,
692,90,0,TRUE,,0.9,,,,,,,,,,,
693,92,0,TRUE,,0.92,,,,,,,,,,,
694,92,0,TRUE,,0.92,,,,,,,,,,,
695,94,0,TRUE,,0.94,,,,,,,,,,,
696,94,0,TRUE,,0.94,,,,,,,,,,,
697,97,0,TRUE,,0.97,,,,,,,,,,,
698,95,0,TRUE,,0.95,,,,,,,,,,,
699,95,0,TRUE,,0.95,,,,,,,,,,,
700,94,0,TRUE,,0.94,,,,,,,,,,,
701,93,0,TRUE,,0.93,,,,,,,,,,,
702,91,0,TRUE,,0.91,,,,,,,,,,,
703,89,0,TRUE,,0.89,,,,,,,,,,,
704,89,0,TRUE,,0.89,,,,,,,,,,,
705,89,0,TRUE,,0.89,,,,,,,,,,,
706,90,0,TRUE,,0.9,,,,,,,,,,,
707,92,0,TRUE,,0.92,,,,,,,,,,,
708,88,0,TRUE,,0.88,,,,,,,,,,,
709,88,0,TRUE,,0.88,,,,,,,,,,,
710,82,0,TRUE,,0.82,,,,,,,,,,,
711,85,0,TRUE,,0.85,,,,,,,,,,,
712,83,0,TRUE,,0.83,,,,,,,,,,,
713,80,0,TRUE,,0.8,,,,,,,,,,,
714,80,0,TRUE,,0.8,,,,,,,,,,,
715,83,0,TRUE,,0.83,,,,,,,,,,,
716,81,0,TRUE,,0.81,,,,,,,,,,,
717,81,0,TRUE,,0.81,,,,,,,,,,,
718,82,0,TRUE,,0.82,,,,,,,,,,,
719,81,0,TRUE,,0.81,,,,,,,,,,,
720,79,0,TRUE,,0.79,,,,,,,,,,,
721,78,0,TRUE,,0.78,,,,,,,,,,,
722,81,0,TRUE,,0.81,,,,,,,,,,,
723,77,0,TRUE,,0.77,,,,,,,,,,,
724,78,0,TRUE,,0.78,,,,,,,,,,,
725,78,0,TRUE,,0.78,,,,,,,,,,,
726,77,0,TRUE,,0.77,,,,,,,,,,,
727,77,0,TRUE,,0.77,,,,,,,,,,,
728,73,0,TRUE,,0.73,,,,,,,,,,,
729,74,0,TRUE,,0.74,,,,,,,,,,,
730,69,0,TRUE,,0.69,,,,,,,,,,,
731,72,0,TRUE,,0.72,,,,,,,,,,,
732,68,0,TRUE,,0.68,,,,,,,,,,,
733,64,0,TRUE,,0.64,,,,,,,,,,,
734,64,0,TRUE,,0.64,,,,,,,,,,,
735,68,0,TRUE,,0.68,,,,,,,,,,,
736,73,0,TRUE,,0.73,,,,,,,,,,,
737,76,0,TRUE,,0.76,,,,,,,,,,,
738,79,0,TRUE,,0.79,,,,,,,,,,,
739,77,0,TRUE,,0.77,,,,,,,,,,,
740,76,0,TRUE,,0.76,,,,,,,,,,,
741,76,0,TRUE,,0.76,,,,,,,,,,,
742,77,0,TRUE,,0.77,,,,,,,,,,,
743,77,0,TRUE,,0.77,,,,,,,,,,,
744,78,0,TRUE,,0.78,,,,,,,,,,,
745,78,0,TRUE,,0.78,,,,,,,,,,,
746,77,0,TRUE,,0.77,,,,,,,,,,,
747,75,0,TRUE,,0.75,,,,,,,,,,,
748,78,0,TRUE,,0.78,,,,,,,,,,,
749,80,0,TRUE,,0.8,,,,,,,,,,,
750,81,0,TRUE,,0.81,,,,,,,,,,,
751,81,0,TRUE,,0.81,,,,,,,,,,,
752,81,0,TRUE,,0.81,,,,,,,,,,,
753,84,0,TRUE,,0.84,,,,,,,,,,,
754,84,0,TRUE,,0.84,,,,,,,,,,,
755,87,0,TRUE,,0.87,,,,,,,,,,,
756,84,0,TRUE,,0.84,,,,,,,,,,,
757,82,0,TRUE,,0.82,,,,,,,,,,,
758,86,0,TRUE,,0.86,,,,,,,,,,,
759,88,0,TRUE,,0.88,,,,,,,,,,,
760,88,0,TRUE,,0.88,,,,,,,,,,,
761,86,0,TRUE,,0.86,,,,,,,,,,,
762,87,0,TRUE,,0.87,,,,,,,,,,,
763,89,0,TRUE,,0.89,,,,,,,,,,,
764,88,0,TRUE,,0.88,,,,,,,,,,,
765,89,0,TRUE,,0.89,,,,,,,,,,,
766,86,0,TRUE,,0.86,,,,,,,,,,,
767,85,0,TRUE,,0.85,,,,,,,,,,,
768,87,0,TRUE,,0.87,,,,,,,,,,,
769,87,0,TRUE,,0.87,,,,,,,,,,,
770,87,0,TRUE,,0.87,,,,,,,,,,,
771,86,0,TRUE,,0.86,,,,,,,,,,,
772,86,0,TRUE,,0.86,,,,,,,,,,,
773,90,0,TRUE,,0.9,,,,,,,,,,,
774,89,0,TRUE,,0.89,,,,,,,,,,,
775,88,0,TRUE,,0.88,,,,,,,,,,,
776,87,0,TRUE,,0.87,,,,,,,,,,,
777,92,0,TRUE,,0.92,,,,,,,,,,,
778,91,0,TRUE,,0.91,,,,,,,,,,,
779,91,0,TRUE,,0.91,,,,,,,,,,,
780,91,0,TRUE,,0.91,,,,,,,,,,,
781,92,0,TRUE,,0.92,,,,,,,,,,,
782,92,0,TRUE,,0.92,,,,,,,,,,,
783,92,0,TRUE,,0.92,,,,,,,,,,,
784,93,0,TRUE,,0.93,,,,,,,,,,,
785,93,0,TRUE,,0.93,,,,,,,,,,,
786,93,0,TRUE,,0.93,,,,,,,,,,,
787,96,0,TRUE,,0.96,,,,,,,,,,,
788,95,0,TRUE,,0.95,,,,,,,,,,,
789,93,0,TRUE,,0.93,,,,,,,,,,,
790,93,0,TRUE,,0.93,,,,,,,,,,,
791,90,0,TRUE,,0.9,,,,,,,,,,,
792,90,0,TRUE,,0.9,,,,,,,,,,,
793,92,0,TRUE,,0.92,,,,,,,,,,,
794,90,0,TRUE,,0.9,,,,,,,,,,,
795,90,0,TRUE,,0.9,,,,,,,,,,,
796,91,0,TRUE,,0.91,,,,,,,,,,,
797,93,0,TRUE,,0.93,,,,,,,,,,,
798,93,0,TRUE,,0.93,,,,,,,,,,,
799,92,0,TRUE,,0.92,,,,,,,,,,,
800,95,0,TRUE,,0.95,,,,,,,,,,,
801,94,0,TRUE,,0.94,,,,,,,,,,,
802,97,0,TRUE,,0.97,,,,,,,,,,,
803,97,0,TRUE,,0.97,,,,,,,,,,,
804,94,0,TRUE,,0.94,,,,,,,,,,,
805,93,0,TRUE,,0.93,,,,,,,,,,,
806,94,0,TRUE,,0.94,,,,,,,,,,,
807,95,0,TRUE,,0.95,,,,,,,,,,,
808,95,0,TRUE,,0.95,,,,,,,,,,,
809,95,0,TRUE,,0.95,,,,,,,,,,,
810,94,0,TRUE,,0.94,,,,,,,,,,,
811,94,0,TRUE,,0.94,,,,,,,,,,,
812,94,0,TRUE,,0.94,,,,,,,,,,,
813,93,0,TRUE,,0.93,,,,,,,,,,,
814,90,0,TRUE,,0.9,,,,,,,,,,,
815,88,0,TRUE,,0.88,,,,,,,,,,,
816,86,0,TRUE,,0.86,,,,,,,,,,,
817,84,0,TRUE,,0.84,,,,,,,,,,,
818,88,0,TRUE,,0.88,,,,,,,,,,,
819,87,0,TRUE,,0.87,,,,,,,,,,,
820,86,0,TRUE,,0.86,,,,,,,,,,,
821,85,0,TRUE,,0.85,,,,,,,,,,,
822,87,0,TRUE,,0.87,,,,,,,,,,,
823,88,0,TRUE,,0.88,,,,,,,,,,,
824,86,0,TRUE,,0.86,,,,,,,,,,,
825,86,0,TRUE,,0.86,,,,,,,,,,,
826,88,0,TRUE,,0.88,,,,,,,,,,,
827,89,0,TRUE,,0.89,,,,,,,,,,,
828,89,0,TRUE,,0.89,,,,,,,,,,,
829,87,0,TRUE,,0.87,,,,,,,,,,,
830,86,0,TRUE,,0.86,,,,,,,,,,,
831,88,0,TRUE,,0.88,,,,,,,,,,,
832,86,0,TRUE,,0.86,,,,,,,,,,,
833,85,0,TRUE,,0.85,,,,,,,,,,,
834,81,0,TRUE,,0.81,,,,,,,,,,,
835,80,0,TRUE,,0.8,,,,,,,,,,,
836,78,0,TRUE,,0.78,,,,,,,,,,,
837,79,0,TRUE,,0.79,,,,,,,,,,,
838,81,0,TRUE,,0.81,,,,,,,,,,,
839,80,0,TRUE,,0.8,,,,,,,,,,,
840,79,0,TRUE,,0.79,,,,,,,,,,,
841,80,0,TRUE,,0.8,,,,,,,,,,,
842,78,0,TRUE,,0.78,,,,,,,,,,,
843,80,0,TRUE,,0.8,,,,,,,,,,,
844,77,0,TRUE,,0.77,,,,,,,,,,,
845,80,0,TRUE,,0.8,,,,,,,,,,,
846,84,0,TRUE,,0.84,,,,,,,,,,,
847,85,0,TRUE,,0.85,,,,,,,,,,,
848,81,0,TRUE,,0.81,,,,,,,,,,,
849,76,0,TRUE,,0.76,,,,,,,,,,,
850,77,0,TRUE,,0.77,,,,,,,,,,,
851,77,0,TRUE,,0.77,,,,,,,,,,,
852,78,0,TRUE,,0.78,,,,,,,,,,,
853,77,0,TRUE,,0.77,,,,,,,,,,,
854,72,0,TRUE,,0.72,,,,,,,,,,,
855,74,0,TRUE,,0.74,,,,,,,,,,,
856,73,0,TRUE,,0.73,,,,,,,,,,,
857,76,0,TRUE,,0.76,,,,,,,,,,,
858,79,0,TRUE,,0.79,,,,,,,,,,,
859,83,0,TRUE,,0.83,,,,,,,,,,,
860,81,0,TRUE,,0.81,,,,,,,,,,,
861,84,0,TRUE,,0.84,,,,,,,,,,,
862,81,0,TRUE,,0.81,,,,,,,,,,,
863,78,0,TRUE,,0.78,,,,,,,,,,,
864,73,0,TRUE,,0.73,,,,,,,,,,,
865,70,0,TRUE,,0.7,,,,,,,,,,,
866,72,0,TRUE,,0.72,,,,,,,,,,,
867,72,0,TRUE,,0.72,,,,,,,,,,,
868,73,0,TRUE,,0.73,,,,,,,,,,,
869,73,0,TRUE,,0.73,,,,,,,,,,,
870,73,0,TRUE,,0.73,,,,,,,,,,,
871,70,0,TRUE,,0.7,,,,,,,,,,,
872,70,0,TRUE,,0.7,,,,,,,,,,,
873,70,0,TRUE,,0.7,,,,,,,,,,,
874,72,0,TRUE,,0.72,,,,,,,,,,,
875,71,0,TRUE,,0.71,,,,,,,,,,,
876,70,0,TRUE,,0.7,,,,,,,,,,,
877,69,0,TRUE,,0.69,,,,,,,,,,,
878,73,0,TRUE,,0.73,,,,,,,,,,,
879,76,0,TRUE,,0.76,,,,,,,,,,,
880,75,0,TRUE,,0.75,,,,,,,,,,,
881,71,0,TRUE,,0.71,,,,,,,,,,,
882,71,0,TRUE,,0.71,,,,,,,,,,,
883,70,0,TRUE,,0.7,,,,,,,,,,,
884,74,0,TRUE,,0.74,,,,,,,,,,,
885,77,0,TRUE,,0.77,,,,,,,,,,,
886,76,0,TRUE,,0.76,,,,,,,,,,,
887,73,0,TRUE,,0.73,,,,,,,,,,,
888,75,0,TRUE,,0.75,,,,,,,,,,,
889,77,0,TRUE,,0.77,,,,,,,,,,,
890,74,0,TRUE,,0.74,,,,,,,,,,,
891,73,0,TRUE,,0.73,,,,,,,,,,,
892,71,0,TRUE,,0.71,,,,,,,,,,,
893,68,0,TRUE,,0.68,,,,,,,,,,,
894,72,0,TRUE,,0.72,,,,,,,,,,,
895,70,0,TRUE,,0.7,,,,,,,,,,,
896,75,0,TRUE,,0.75,,,,,,,,,,,
897,71,0,TRUE,,0.71,,,,,,,,,,,
898,69,0,TRUE,,0.69,,,,,,,,,,,
899,67,0,TRUE,,0.67,,,,,,,,,,,
900,63,0,TRUE,,0.63,,,,,,,,,,,
901,63,0,TRUE,,0.63,,,,,,,,,,,
902,61,0,TRUE,,0.61,,,,,,,,,,,
903,65,0,TRUE,,0.65,,,,,,,,,,,
904,68,0,TRUE,,0.68,,,,,,,,,,,
905,63,0,TRUE,,0.63,,,,,,,,,,,
906,66,0,TRUE,,0.66,,,,,,,,,,,
907,66,0,TRUE,,0.66,,,,,,,,,,,
908,67,0,TRUE,,0.67,,,,,,,,,,,
909,64,0,TRUE,,0.64,,,,,,,,,,,
910,70,0,TRUE,,0.7,,,,,,,,,,,
911,71,0,TRUE,,0.71,,,,,,,,,,,
912,76,0,TRUE,,0.76,,,,,,,,,,,
913,77,0,TRUE,,0.77,,,,,,,,,,,
914,78,0,TRUE,,0.78,,,,,,,,,,,
915,75,0,TRUE,,0.75,,,,,,,,,,,
916,74,0,TRUE,,0.74,,,,,,,,,,,
917,72,0,TRUE,,0.72,,,,,,,,,,,
918,76,0,TRUE,,0.76,,,,,,,,,,,
919,74,0,TRUE,,0.74,,,,,,,,,,,
920,77,0,TRUE,,0.77,,,,,,,,,,,
921,76,0,TRUE,,0.76,,,,,,,,,,,
922,77,0,TRUE,,0.77,,,,,,,,,,,
923,78,0,TRUE,,0.78,,,,,,,,,,,
924,81,0,TRUE,,0.81,,,,,,,,,,,
925,79,0,TRUE,,0.79,,,,,,,,,,,
926,79,0,TRUE,,0.79,,,,,,,,,,,
927,79,0,TRUE,,0.79,,,,,,,,,,,
928,79,0,TRUE,,0.79,,,,,,,,,,,
929,80,0,TRUE,,0.8,,,,,,,,,,,
930,77,0,TRUE,,0.77,,,,,,,,,,,
931,77,0,TRUE,,0.77,,,,,,,,,,,
932,75,0,TRUE,,0.75,,,,,,,,,,,
933,74,0,TRUE,,0.74,,,,,,,,,,,
934,81,0,TRUE,,0.81,,,,,,,,,,,
935,84,0,TRUE,,0.84,,,,,,,,,,,
936,86,0,TRUE,,0.86,,,,,,,,,,,
937,84,0,TRUE,,0.84,,,,,,,,,,,
938,86,0,TRUE,,0.86,,,,,,,,,,,
939,87,0,TRUE,,0.87,,,,,,,,,,,
940,89,0,TRUE,,0.89,,,,,,,,,,,
941,86,0,TRUE,,0.86,,,,,,,,,,,
942,85,0,TRUE,,0.85,,,,,,,,,,,
943,82,0,TRUE,,0.82,,,,,,,,,,,
944,81,0,TRUE,,0.81,,,,,,,,,,,
945,81,0,TRUE,,0.81,,,,,,,,,,,
946,82,0,TRUE,,0.82,,,,,,,,,,,
947,82,0,TRUE,,0.82,,,,,,,,,,,
948,82,0,TRUE,,0.82,,,,,,,,,,,
949,80,0,TRUE,,0.8,,,,,,,,,,,
950,79,0,TRUE,,0.79,,,,,,,,,,,
951,78,0,TRUE,,0.78,,,,,,,,,,,
952,77,0,TRUE,,0.77,,,,,,,,,,,
953,79,0,TRUE,,0.79,,,,,,,,,,,
954,79,0,TRUE,,0.79,,,,,,,,,,,
955,81,0,TRUE,,0.81,,,,,,,,,,,
956,79,0,TRUE,,0.79,,,,,,,,,,,
957,74,0,TRUE,,0.74,,,,,,,,,,,
958,76,0,TRUE,,0.76,,,,,,,,,,,
959,74,0,TRUE,,0.74,,,,,,,,,,,
960,70,0,TRUE,,0.7,,,,,,,,,,,
961,74,0,TRUE,,0.74,,,,,,,,,,,
962,72,0,TRUE,,0.72,,,,,,,,,,,
963,70,0,TRUE,,0.7,,,,,,,,,,,
964,65,0,TRUE,,0.65,,,,,,,,,,,
965,67,0,TRUE,,0.67,,,,,,,,,,,
966,69,0,TRUE,,0.69,,,,,,,,,,,
967,72,0,TRUE,,0.72,,,,,,,,,,,
968,71,0,TRUE,,0.71,,,,,,,,,,,
969,75,0,TRUE,,0.75,,,,,,,,,,,
970,73,0,TRUE,,0.73,,,,,,,,,,,
971,74,0,TRUE,,0.74,,,,,,,,,,,
972,72,0,TRUE,,0.72,,,,,,,,,,,
973,68,0,TRUE,,0.68,,,,,,,,,,,
974,69,0,TRUE,,0.69,,,,,,,,,,,
975,68,0,TRUE,,0.68,,,,,,,,,,,
976,72,0,TRUE,,0.72,,,,,,,,,,,
977,72,0,TRUE,,0.72,,,,,,,,,,,
978,71,0,TRUE,,0.71,,,,,,,,,,,
979,74,0,TRUE,,0.74,,,,,,,,,,,
980,76,0,TRUE,,0.76,,,,,,,,,,,
981,80,0,TRUE,,0.8,,,,,,,,,,,
982,78,0,TRUE,,0.78,,,,,,,,,,,
983,77,0,TRUE,,0.77,,,,,,,,,,,
984,80,0,TRUE,,0.8,,,,,,,,,,,
985,80,0,TRUE,,0.8,,,,,,,,,,,
986,80,0,TRUE,,0.8,,,,,,,,,,,
987,79,0,TRUE,,0.79,,,,,,,,,,,
988,78,0,TRUE,,0.78,,,,,,,,,,,
989,74,0,TRUE,,0.74,,,,,,,,,,,
990,75,0,TRUE,,0.75,,,,,,,,,,,
991,74,0,TRUE,,0.74,,,,,,,,,,,
992,78,0,TRUE,,0.78,,,,,,,,,,,
993,78,0,TRUE,,0.78,,,,,,,,,,,
994,75,0,TRUE,,0.75,,,,,,,,,,,
995,78,0,TRUE,,0.78,,,,,,,,,,,
996,80,0,TRUE,,0.8,,,,,,,,,,,
997,84,0,TRUE,,0.84,,,,,,,,,,,
998,78,0,TRUE,,0.78,,,,,,,,,,,
999,78,0,TRUE,,0.78,,,,,,,,,,,
1000,82,0,TRUE,,0.82,,,,,,,,,,,
